delivery_date,price,product_link,title
"Tuesday, December 13","$1,399.99",https://www.amazon.ca/LG-Ultra-Lightweight-Laptop-Obsidian-17Z95P-K-AR55A8/dp/B09K4C4ZL7/ref=sr_1_1_sspa?keywords=laptop&qid=1670191213&sr=8-1-spons&psc=1&spLa=ZW5jcnlwdGVkUXVhbGlmaWVyPUExTk1GTko0VU45QlhVJmVuY3J5cHRlZElkPUEwODM3ODUxMUdaOU9LWTJETFNDRCZlbmNyeXB0ZWRBZElkPUEwNjA5NjU3M1RCOUs5QUFPOTZZUiZ3aWRnZXROYW1lPXNwX2F0ZiZhY3Rpb249Y2xpY2tSZWRpcmVjdCZkb05vdExvZ0NsaWNrPXRydWU=,"LG Gram 17 Inch Laptop with WQXGA (2560 x 1600) IPS Display, 17Z95P-K.AR55A8, i5-1155G7 | 8GB RAM | 512GB SSD, Black"
,,https://www.amazon.ca/ospublishing/story/315e87f2-5205-4604-b6b2-d09f6276d241/ref=sxin_15?pd_rd_w=FA7eM&content-id=amzn1.sym.48b9d8e6-f2d4-455e-b12e-4ca658d0b0e0:amzn1.sym.48b9d8e6-f2d4-455e-b12e-4ca658d0b0e0&pf_rd_p=48b9d8e6-f2d4-455e-b12e-4ca658d0b0e0&pf_rd_r=SRSPKQ8TJASHSM8TDW1K&pd_rd_wg=Y2klf&pd_rd_r=02846b99-4b2b-460e-8b25-a6f7f0d67dbd&qid=1670191213&cv_ct_pg=search&cv_ct_wn=osp-multicontent&ascsubtag=amzn1.osa.315e87f2-5205-4604-b6b2-d09f6276d241.A2EUQ1WTGCTBG2.en_CA&linkCode=oas&cv_ct_id=amzn1.osa.315e87f2-5205-4604-b6b2-d09f6276d241.A2EUQ1WTGCTBG2.en_CA&asc_contentid=amzn1.osa.315e87f2-5205-4604-b6b2-d09f6276d241.A2EUQ1WTGCTBG2.en_CA&cv_ct_we=article-page&tag=geekospca-20&asc_contenttype=article&cv_ct_cx=laptop,
,,https://www.amazon.ca/gp/bestsellers/electronics/677252011/ref=sr_bs_6_677252011_1,
,,https://www.amazon.ca/ospublishing/story/d97a5711-80b9-4e49-909e-ec1a7ca8cc73/ref=sxin_15?pd_rd_w=FA7eM&content-id=amzn1.sym.48b9d8e6-f2d4-455e-b12e-4ca658d0b0e0:amzn1.sym.48b9d8e6-f2d4-455e-b12e-4ca658d0b0e0&pf_rd_p=48b9d8e6-f2d4-455e-b12e-4ca658d0b0e0&pf_rd_r=SRSPKQ8TJASHSM8TDW1K&pd_rd_wg=Y2klf&pd_rd_r=02846b99-4b2b-460e-8b25-a6f7f0d67dbd&qid=1670191213&cv_ct_pg=search&cv_ct_wn=osp-multicontent&ascsubtag=amzn1.osa.d97a5711-80b9-4e49-909e-ec1a7ca8cc73.A2EUQ1WTGCTBG2.en_CA&linkCode=oas&cv_ct_id=amzn1.osa.d97a5711-80b9-4e49-909e-ec1a7ca8cc73.A2EUQ1WTGCTBG2.en_CA&asc_contentid=amzn1.osa.d97a5711-80b9-4e49-909e-ec1a7ca8cc73.A2EUQ1WTGCTBG2.en_CA&cv_ct_we=article-page&tag=plonsiteca-20&asc_contenttype=article&cv_ct_cx=laptop,
"Monday, December 12",$349.00,https://www.amazon.ca/VivoBook-Pentium%C2%AE-Microsoft-Personal-X515MA-AH09-CA/dp/B09HN325SY/ref=ice_ac_b_dpb?keywords=laptop&qid=1670191213&sr=8-5,"ASUS VivoBook 15 X515 Thin and Light Laptop, 15.6” HD Display,Intel® Pentium® Silver N5030,4GB RAM,128GB SSD,Windows 11 Home in S Mode + 1 Year Microsoft 365 Personal, X515MA-AH09-CA"
"Tuesday, December 13",$299.00,https://www.amazon.ca/Display-Processor-Microsoft-Included-L510MA-DS09-CA/dp/B09S3ZLW4Q/ref=sr_1_6?keywords=laptop&qid=1670191213&sr=8-6,"ASUS Laptop L510 Ultra Thin Laptop, 15.6” HD Display, Intel Celeron N4020 Processor, 4GB RAM, 64GB Storage, Windows 11 Home in S Mode, 1 Year Microsoft 365 Included, Star Black, L510MA-DS09-CA"
January 2 - 4,"$1,999.99",https://www.amazon.ca/LG-Display-GeForce-16GB%E3%85%A3512GB-Thunderbolt4/dp/B0BG6BY12V/ref=sr_1_2_sspa?keywords=laptop&qid=1670191213&sr=8-2-spons&psc=1&spLa=ZW5jcnlwdGVkUXVhbGlmaWVyPUExTk1GTko0VU45QlhVJmVuY3J5cHRlZElkPUEwODM3ODUxMUdaOU9LWTJETFNDRCZlbmNyeXB0ZWRBZElkPUEwNTAwNjAzMVJKN0xNVkpaRFpSTSZ3aWRnZXROYW1lPXNwX2F0ZiZhY3Rpb249Y2xpY2tSZWRpcmVjdCZkb05vdExvZ0NsaWNrPXRydWU=,"LG Gram 17 Inch Laptop with WQXGA(2560 x 1600) IPS Anti Glare Display, Intel 12th Gen i7 with NVIDIA GeForce Graphic Card RTX 2050, 16GBㅣ512GB NVMe SSD, FHD Webcam, WiFi 6E, Thunderbolt4/USB-C, Black"
,,https://www.amazon.ca/ospublishing/story/d456384c-b4db-4eb7-a64f-780851dae247/ref=sxin_15?pd_rd_w=FA7eM&content-id=amzn1.sym.48b9d8e6-f2d4-455e-b12e-4ca658d0b0e0:amzn1.sym.48b9d8e6-f2d4-455e-b12e-4ca658d0b0e0&pf_rd_p=48b9d8e6-f2d4-455e-b12e-4ca658d0b0e0&pf_rd_r=SRSPKQ8TJASHSM8TDW1K&pd_rd_wg=Y2klf&pd_rd_r=02846b99-4b2b-460e-8b25-a6f7f0d67dbd&qid=1670191213&cv_ct_pg=search&cv_ct_wn=osp-multicontent&ascsubtag=amzn1.osa.d456384c-b4db-4eb7-a64f-780851dae247.A2EUQ1WTGCTBG2.en_CA&linkCode=oas&cv_ct_id=amzn1.osa.d456384c-b4db-4eb7-a64f-780851dae247.A2EUQ1WTGCTBG2.en_CA&asc_contentid=amzn1.osa.d456384c-b4db-4eb7-a64f-780851dae247.A2EUQ1WTGCTBG2.en_CA&cv_ct_we=article-page&tag=rfdosp05-20&asc_contenttype=article&cv_ct_cx=laptop,
,,https://www.amazon.ca/ospublishing/story/579a2f70-a4bd-4f54-a63e-5b85029e4bb1/ref=sxin_15?pd_rd_w=FA7eM&content-id=amzn1.sym.48b9d8e6-f2d4-455e-b12e-4ca658d0b0e0:amzn1.sym.48b9d8e6-f2d4-455e-b12e-4ca658d0b0e0&pf_rd_p=48b9d8e6-f2d4-455e-b12e-4ca658d0b0e0&pf_rd_r=SRSPKQ8TJASHSM8TDW1K&pd_rd_wg=Y2klf&pd_rd_r=02846b99-4b2b-460e-8b25-a6f7f0d67dbd&qid=1670191213&cv_ct_pg=search&cv_ct_wn=osp-multicontent&ascsubtag=amzn1.osa.579a2f70-a4bd-4f54-a63e-5b85029e4bb1.A2EUQ1WTGCTBG2.en_CA&linkCode=oas&cv_ct_id=amzn1.osa.579a2f70-a4bd-4f54-a63e-5b85029e4bb1.A2EUQ1WTGCTBG2.en_CA&asc_contentid=amzn1.osa.579a2f70-a4bd-4f54-a63e-5b85029e4bb1.A2EUQ1WTGCTBG2.en_CA&cv_ct_we=article-page&tag=pcmagca-20&asc_contenttype=article&cv_ct_cx=laptop,
"Tuesday, December 13","$1,254.31",https://www.amazon.ca/LG-Processor-Ultra-Slim-Laptop-15Z90N-V-AR52A8/dp/B094NTMLLQ/ref=sr_1_3_sspa?keywords=laptop&qid=1670191213&sr=8-3-spons&psc=1&spLa=ZW5jcnlwdGVkUXVhbGlmaWVyPUExTk1GTko0VU45QlhVJmVuY3J5cHRlZElkPUEwODM3ODUxMUdaOU9LWTJETFNDRCZlbmNyeXB0ZWRBZElkPUEwNjA5MzEzMVI3WE43UFo5VlZOOSZ3aWRnZXROYW1lPXNwX2F0ZiZhY3Rpb249Y2xpY2tSZWRpcmVjdCZkb05vdExvZ0NsaWNrPXRydWU=,"LG Gram 15.6 inch Laptop with FHD (1920 x 1080) IPS Display, Intel i5 8GB RAM 256GB SSD, Long-Lasting Battery, Windows 10 Home; 15Z90N-V.AR52A8, Dark Silver"
,,https://www.amazon.ca/ospublishing/story/36c48a21-593e-4939-9e8b-4ff192667630/ref=sxin_15?pd_rd_w=FA7eM&content-id=amzn1.sym.48b9d8e6-f2d4-455e-b12e-4ca658d0b0e0:amzn1.sym.48b9d8e6-f2d4-455e-b12e-4ca658d0b0e0&pf_rd_p=48b9d8e6-f2d4-455e-b12e-4ca658d0b0e0&pf_rd_r=SRSPKQ8TJASHSM8TDW1K&pd_rd_wg=Y2klf&pd_rd_r=02846b99-4b2b-460e-8b25-a6f7f0d67dbd&qid=1670191213&cv_ct_pg=search&cv_ct_wn=osp-multicontent&ascsubtag=amzn1.osa.36c48a21-593e-4939-9e8b-4ff192667630.A2EUQ1WTGCTBG2.en_CA&linkCode=oas&cv_ct_id=amzn1.osa.36c48a21-593e-4939-9e8b-4ff192667630.A2EUQ1WTGCTBG2.en_CA&asc_contentid=amzn1.osa.36c48a21-593e-4939-9e8b-4ff192667630.A2EUQ1WTGCTBG2.en_CA&cv_ct_we=article-page&tag=bestcontca-20&asc_contenttype=article&cv_ct_cx=laptop,
January 3 - February 3,"$2,149.99",https://www.amazon.ca/LG-Laptop-Display-GeForce-17U70Q-P-AD78A8/dp/B09WLVLH6X/ref=sr_1_4_sspa?keywords=laptop&qid=1670191213&sr=8-4-spons&psc=1&spLa=ZW5jcnlwdGVkUXVhbGlmaWVyPUExTk1GTko0VU45QlhVJmVuY3J5cHRlZElkPUEwODM3ODUxMUdaOU9LWTJETFNDRCZlbmNyeXB0ZWRBZElkPUEwNTAwNTAzMTNHTVpaVE1VWk8zQSZ3aWRnZXROYW1lPXNwX2F0ZiZhY3Rpb249Y2xpY2tSZWRpcmVjdCZkb05vdExvZ0NsaWNrPXRydWU=,"LG Ultra PC 17 Inch Laptop with 16:10 WQXGA (2560 x 1600) Anti-Glare IPS Display, 12th Gen Intel i7 32GB DDR5 1 TB, NVIDIA GeForce RTX 3050, Windows 11, Dark Silver, 80Wh Battery, 17U70Q-P.AD78A8"
"Wednesday, December 14",$179.00,https://www.amazon.ca/Chromebook-C223NA-Laptop-Celeron-Storage/dp/B08JHJXKNR/ref=sr_1_8?keywords=laptop&qid=1670191213&sr=8-8,"ASUS Chromebook C223 11.6"" HD Chromebook Laptop, Intel Dual-Core Celeron N3350 Processor, 4GB RAM, 32GB eMMC, Grey, Chrome OS C223NA-MB01-CB"
"Monday, December 12",$399.99,https://www.amazon.ca/HP-i3-1125G4-Processor-DDR4-2666-14-dq2020ca/dp/B0983XV8L6/ref=sr_1_9?keywords=laptop&qid=1670191213&sr=8-9,"HP Laptop 14 inch, Intel® Core™ i3-1125G4 Processor, Intel® UHD Graphics, 4 GB DDR4-2666 MHz RAM, Windows 10 Home (14-dq2020ca, 2021 Model)"
,,https://www.amazon.ca/ospublishing/story/315e87f2-5205-4604-b6b2-d09f6276d241/ref=sxin_24?cv_ct_pg=search&cv_ct_wn=osp-single-source-pecos-desktop&linkCode=oas&cv_ct_id=amzn1.osa.315e87f2-5205-4604-b6b2-d09f6276d241.A2EUQ1WTGCTBG2.en_CA&asc_contentid=amzn1.osa.315e87f2-5205-4604-b6b2-d09f6276d241.A2EUQ1WTGCTBG2.en_CA&cv_ct_we=article-page&content-id=amzn1.sym.8689b7a4-070a-4c4b-a8cd-529c3ace3c10:amzn1.sym.8689b7a4-070a-4c4b-a8cd-529c3ace3c10&qid=1670191213&ascsubtag=amzn1.osa.315e87f2-5205-4604-b6b2-d09f6276d241.A2EUQ1WTGCTBG2.en_CA&pf_rd_p=8689b7a4-070a-4c4b-a8cd-529c3ace3c10&pf_rd_r=SRSPKQ8TJASHSM8TDW1K&pd_rd_wg=Y2klf&pd_rd_w=87OcA&tag=geekospca-20&asc_contenttype=article&pd_rd_r=02846b99-4b2b-460e-8b25-a6f7f0d67dbd&cv_ct_cx=laptop,
"Monday, December 12",$649.99,https://www.amazon.ca/Acer-Aspire-R5-5500U-Silver-A515-45-R74Z/dp/B09J1MXS2Z/ref=sr_1_10?keywords=laptop&qid=1670191213&sr=8-10,"Acer Aspire 5, 15.6"" FHD IPS, AMD Ryzen R5-5500U, 8GB DDR4, 256GB SSD, Win 11, Silver Laptop, A515-45-R74Z"
"Tuesday, December 13","$1,399.99",https://www.amazon.ca/LG-Gram-Inch-Laptop-Ultra-Lightweight/dp/B09K4C85XS/ref=sr_1_50_sspa?keywords=laptop&qid=1670191216&sr=8-50-spons&psc=1&spLa=ZW5jcnlwdGVkUXVhbGlmaWVyPUEyWThFSkFMTDM1N0lYJmVuY3J5cHRlZElkPUEwNjkwMTgxM1c1RUI3NTU5MVImZW5jcnlwdGVkQWRJZD1BMDI5MTM5NTNIWE5JTlg3QzAxRjgmd2lkZ2V0TmFtZT1zcF9hdGZfbmV4dCZhY3Rpb249Y2xpY2tSZWRpcmVjdCZkb05vdExvZ0NsaWNrPXRydWU=,"LG Gram 14 Inch Laptop with 16:10 IPS WUXGA (1920 x 1200) Display, 999g Ultra-Light, 14Z95P-K.AA75A8, i7-1195G7 | 16GB RAM | 512GB SSD, Black"
January 2 - 4,"$1,999.99",https://www.amazon.ca/LG-Display-GeForce-16GB%E3%85%A3512GB-Thunderbolt4/dp/B0BG6BY12V/ref=sr_1_49_sspa?keywords=laptop&qid=1670191216&sr=8-49-spons&psc=1&spLa=ZW5jcnlwdGVkUXVhbGlmaWVyPUEyWThFSkFMTDM1N0lYJmVuY3J5cHRlZElkPUEwNjkwMTgxM1c1RUI3NTU5MVImZW5jcnlwdGVkQWRJZD1BMDUwMDYwMzFSSjdMTVZKWkRaUk0md2lkZ2V0TmFtZT1zcF9hdGZfbmV4dCZhY3Rpb249Y2xpY2tSZWRpcmVjdCZkb05vdExvZ0NsaWNrPXRydWU=,"LG Gram 17 Inch Laptop with WQXGA(2560 x 1600) IPS Anti Glare Display, Intel 12th Gen i7 with NVIDIA GeForce Graphic Card RTX 2050, 16GBㅣ512GB NVMe SSD, FHD Webcam, WiFi 6E, Thunderbolt4/USB-C, Black"
"Tuesday, December 13",$999.00,https://www.amazon.ca/Acer-Nitro-i7-11800H-AN515-57-Manufacture/dp/B09P4TPBVS/ref=sr_1_55?keywords=laptop&qid=1670191216&sr=8-55,"Acer Nitro 5 - 15.6"" 144 HZ Display Gaming Laptop Intel i7-11800H GEFORCE RTX3050 16GB Ram 512GB SSD AN515-57 (1 yr Manufacture Warranty) (Renewed)"
"Wednesday, December 14",$529.00,https://www.amazon.ca/VivoBook-Celeron-Microsoft-Personal-J1401KA-AS01-CA/dp/B09T8S3N4D/ref=sr_1_54?keywords=laptop&qid=1670191216&sr=8-54,"ASUS VivoBook Go 14 Flip Thin and Light 2-in-1 Laptop, 14” HD Touch, Intel Celeron N4500, 4GB RAM, 128GB eMMC, Windows 11 Home in S Mode + Microsoft 365 Personal 1-Year, J1401KA-AS01-CA"
"Tuesday, December 13",$559.99,https://www.amazon.ca/2022Lenovo-IdeaPad-15-6-Touchscreen-Laptop/dp/B09VYBPSJG/ref=sr_1_53?keywords=laptop&qid=1670191216&sr=8-53,"2022Lenovo IdeaPad 3 15.6"" HD Touchscreen Laptop - Intel Core i3-1115G4, 8GB RAM, 256GB SSD, Windows 11 S Mode - Platinum Grey (81X800ENUS)"
,,https://www.amazon.ca/gp/bestsellers/electronics/24088204011/ref=sr_bs_11_24088204011_1,
"Monday, December 12",$399.95,https://www.amazon.ca/VivoBook-Celeron-Microsoft-Personal-J401MA-AB02T-CA/dp/B0967NSL2C/ref=sr_1_14?keywords=laptop&qid=1670191213&sr=8-14,"ASUS VivoBook Flip 14 Thin and Light 2-in-1 Laptop, 14” HD Touch, Intel Celeron N4020, 4GB RAM, 128GB Storage,Windows 10 Home in S Mode + includes Microsoft 365 Personal 1-year, J401MA-AB02T-CA"
"Monday, December 12",$699.99,https://www.amazon.ca/Acer-Nitro5-Laptop-i5-11400H-3200MHz/dp/B09SVD8KMX/ref=sr_1_13?keywords=laptop&qid=1670191213&sr=8-13,"Acer Nitro5 Laptop, 15.6"" FHD, Intel Core i5-11400H, 8GB DDR4 3200MHz, 256GB PCIe SSD - AN515-57-58HN"
,,https://www.amazon.ca/ospublishing/story/315e87f2-5205-4604-b6b2-d09f6276d241/ref=sxin_15?pd_rd_w=imt2l&content-id=amzn1.sym.48b9d8e6-f2d4-455e-b12e-4ca658d0b0e0:amzn1.sym.48b9d8e6-f2d4-455e-b12e-4ca658d0b0e0&pf_rd_p=48b9d8e6-f2d4-455e-b12e-4ca658d0b0e0&pf_rd_r=SZPTCMKZR61SHX8VPVJB&pd_rd_wg=RXSGz&pd_rd_r=25ef8eaf-1722-4d85-b182-d1b76a4ca379&qid=1670191222&cv_ct_pg=search&cv_ct_wn=osp-multicontent&ascsubtag=amzn1.osa.315e87f2-5205-4604-b6b2-d09f6276d241.A2EUQ1WTGCTBG2.en_CA&linkCode=oas&cv_ct_id=amzn1.osa.315e87f2-5205-4604-b6b2-d09f6276d241.A2EUQ1WTGCTBG2.en_CA&asc_contentid=amzn1.osa.315e87f2-5205-4604-b6b2-d09f6276d241.A2EUQ1WTGCTBG2.en_CA&cv_ct_we=article-page&tag=geekospca-20&asc_contenttype=article&cv_ct_cx=laptop,
,,https://www.amazon.ca/ospublishing/story/d97a5711-80b9-4e49-909e-ec1a7ca8cc73/ref=sxin_15?pd_rd_w=imt2l&content-id=amzn1.sym.48b9d8e6-f2d4-455e-b12e-4ca658d0b0e0:amzn1.sym.48b9d8e6-f2d4-455e-b12e-4ca658d0b0e0&pf_rd_p=48b9d8e6-f2d4-455e-b12e-4ca658d0b0e0&pf_rd_r=SZPTCMKZR61SHX8VPVJB&pd_rd_wg=RXSGz&pd_rd_r=25ef8eaf-1722-4d85-b182-d1b76a4ca379&qid=1670191222&cv_ct_pg=search&cv_ct_wn=osp-multicontent&ascsubtag=amzn1.osa.d97a5711-80b9-4e49-909e-ec1a7ca8cc73.A2EUQ1WTGCTBG2.en_CA&linkCode=oas&cv_ct_id=amzn1.osa.d97a5711-80b9-4e49-909e-ec1a7ca8cc73.A2EUQ1WTGCTBG2.en_CA&asc_contentid=amzn1.osa.d97a5711-80b9-4e49-909e-ec1a7ca8cc73.A2EUQ1WTGCTBG2.en_CA&cv_ct_we=article-page&tag=plonsiteca-20&asc_contenttype=article&cv_ct_cx=laptop,
"Monday, December 12","$1,299.00",https://www.amazon.ca/Apple-MacBook-Chip-13-inch-256GB/dp/B08N5LNQCX/ref=sr_1_51_sspa?keywords=laptop&qid=1670191216&sr=8-51-spons&psc=1&spLa=ZW5jcnlwdGVkUXVhbGlmaWVyPUEyWThFSkFMTDM1N0lYJmVuY3J5cHRlZElkPUEwNjkwMTgxM1c1RUI3NTU5MVImZW5jcnlwdGVkQWRJZD1BMDgzOTMzODJPUFo0Sko0REdJWUUmd2lkZ2V0TmFtZT1zcF9hdGZfbmV4dCZhY3Rpb249Y2xpY2tSZWRpcmVjdCZkb05vdExvZ0NsaWNrPXRydWU=,"2020 Apple MacBook Air Laptop: Apple M1 Chip, 13""  Retina Display, 8GB RAM, 256GB SSD Storage, Backlit Keyboard, FaceTime HD Camera, Touch ID. Works with iPhone/iPad; Space Gray, English"
"Tuesday, December 13",$654.99,https://www.amazon.ca/Lenovo-Chromebook-Touchscreen-Convertible-82M70050CC/dp/B0B1965NQN/ref=sr_1_66?keywords=laptop&qid=1670191216&sr=8-66,"Lenovo Flex 5 Chromebook, 13"" Touchscreen Convertible Laptop, Intel Core i3 Processor, 8 GB RAM, 64GB eMMC, ChromeOS, Blue, 82M70050CC"
January 3 - February 3,"$2,149.99",https://www.amazon.ca/LG-Laptop-Display-GeForce-17U70Q-P-AD78A8/dp/B09WLVLH6X/ref=sr_1_52_sspa?keywords=laptop&qid=1670191216&sr=8-52-spons&psc=1&spLa=ZW5jcnlwdGVkUXVhbGlmaWVyPUEyWThFSkFMTDM1N0lYJmVuY3J5cHRlZElkPUEwNjkwMTgxM1c1RUI3NTU5MVImZW5jcnlwdGVkQWRJZD1BMDUwMDUwMzEzR01aWlRNVVpPM0Emd2lkZ2V0TmFtZT1zcF9hdGZfbmV4dCZhY3Rpb249Y2xpY2tSZWRpcmVjdCZkb05vdExvZ0NsaWNrPXRydWU=,"LG Ultra PC 17 Inch Laptop with 16:10 WQXGA (2560 x 1600) Anti-Glare IPS Display, 12th Gen Intel i7 32GB DDR5 1 TB, NVIDIA GeForce RTX 3050, Windows 11, Dark Silver, 80Wh Battery, 17U70Q-P.AD78A8"
December 9 - 16,$849.00,https://www.amazon.ca/Microsoft-Surface-Laptop-Intel-512GB/dp/B07FCZ3HGQ/ref=sr_1_67?keywords=laptop&qid=1670191216&sr=8-67,"Microsoft Surface Laptop (Intel Core i7, 16GB RAM, 512GB) - Platinum (Renewed)"
,,https://www.amazon.ca/gp/bestsellers/electronics/677252011/ref=sr_bs_5_677252011_1,
December 7 - 9,$329.55,https://www.amazon.ca/Lenovo-ThinkPad-T470s-i5-6300U-14-inch/dp/B083BGCC1N/ref=sr_1_65?keywords=laptop&qid=1670191216&sr=8-65,"Lenovo ThinkPad T470s Laptop Intel Core i5-6300U, 12GB RAM, 256GB SSD, 14-inch LCD HDMI Port Windows 10 (Renewed)"
"Monday, December 12",$349.00,https://www.amazon.ca/VivoBook-Pentium%C2%AE-Microsoft-Personal-X515MA-AH09-CA/dp/B09HN325SY/ref=ice_ac_b_dpb?keywords=laptop&qid=1670191222&sr=8-7,"ASUS VivoBook 15 X515 Thin and Light Laptop, 15.6” HD Display,Intel® Pentium® Silver N5030,4GB RAM,128GB SSD,Windows 11 Home in S Mode + 1 Year Microsoft 365 Personal, X515MA-AH09-CA"
"Tuesday, December 13","$3,299.00",https://www.amazon.ca/Asus-Zephyrus-Gaming-Laptop-165Hz/dp/B09SK1TDJY/ref=sr_1_64?keywords=laptop&qid=1670191216&sr=8-64,"Asus ROG Zephyrus M16 (2022) Gaming Laptop, 16” 165Hz IPS Type WQXGA 16:10 Display, GeForce RTX 3070 Ti, Intel Core i9-12900H, 32GB DDR5, 1TB PCIe SSD, Thunderbolt 4, Windows 11 Pro, GU603ZW-XS91-CA"
"Tuesday, December 13","$1,449.99",https://www.amazon.ca/2022-Apple-MacBook-Laptop-chip/dp/B0B3C2R8MP/ref=sr_1_24_sspa?keywords=laptop&qid=1670191213&sr=8-24-spons&psc=1&spLa=ZW5jcnlwdGVkUXVhbGlmaWVyPUExTk1GTko0VU45QlhVJmVuY3J5cHRlZElkPUEwODM3ODUxMUdaOU9LWTJETFNDRCZlbmNyeXB0ZWRBZElkPUEwMzg2NjAxMjNCODlWUjlaNUYxUCZ3aWRnZXROYW1lPXNwX210ZiZhY3Rpb249Y2xpY2tSZWRpcmVjdCZkb05vdExvZ0NsaWNrPXRydWU=,"2022 Apple MacBook Air Laptop with M2 chip: 13.6-inch Liquid Retina Display, 8GB RAM, 256GB SSD Storage, Backlit Keyboard, 1080p FaceTime HD Camera. Works with iPhone and iPad; Space Grey; English"
"Tuesday, December 13","$1,449.99",https://www.amazon.ca/LG-gram-Inch-Laptop-17Z90Q-K-AR55A9/dp/B09YKH2MZR/ref=sr_1_23_sspa?keywords=laptop&qid=1670191213&sr=8-23-spons&psc=1&spLa=ZW5jcnlwdGVkUXVhbGlmaWVyPUExTk1GTko0VU45QlhVJmVuY3J5cHRlZElkPUEwODM3ODUxMUdaOU9LWTJETFNDRCZlbmNyeXB0ZWRBZElkPUEwMjkxMDgzM1ZUWTNNSlJTREZQMCZ3aWRnZXROYW1lPXNwX210ZiZhY3Rpb249Y2xpY2tSZWRpcmVjdCZkb05vdExvZ0NsaWNrPXRydWU=,"LG gram 17 Inch Laptop with 16:10 WQXGA (2560 x 1600) IPS Anti-Glare Display, 17Z90Q-K.AR55A9, i5-1240P | 8GB RAM | 512GB SSD, Obsidian Black"
"Monday, December 12","$1,231.16",https://www.amazon.ca/Lenovo-Ideapad-Gaming-3i-Notebook/dp/B09R2CRR8L/ref=sr_1_63?keywords=laptop&qid=1670191216&sr=8-63,"Lenovo IdeaPad Gaming 3i 15.6” IPS 120Hz, FHD, Intel Core i7-12700H, 8GB RAM, 512 SSD, RTX3050Ti, Win 11 - 82S9006MCC"
"Wednesday, December 14",$769.99,https://www.amazon.ca/Gaming-IPS-Type-GeForce-Windows-FA706IHRB-AS51-CA/dp/B09VCQBSZ6/ref=sr_1_27?keywords=laptop&qid=1670191213&sr=8-27,"ASUS TUF Gaming A17 Gaming Laptop, 17.3” 144Hz Full HD IPS-Type, AMD Ryzen 5 4600H, GeForce GTX 1650, 8GB DDR4, 512GB PCIe SSD, Wi-Fi 6, Windows 11 Home, FA706IHRB-AS51-CA"
"Tuesday, December 13",$369.99,https://www.amazon.ca/Acer-Celeron-A115-32-C8YB-Subscription-Microsoft/dp/B0BH4ZLJCF/ref=sr_1_20?keywords=laptop&qid=1670191213&sr=8-20,"Acer 15.6"" FHD Intel Celeron N4500 Laptop A115-32-C8YB, Includes 1-Year Subscription to Microsoft 365"
"Tuesday, December 13","$2,499.00",https://www.amazon.ca/Apple-MacBook-14-inch-8%E2%80%91core-14%E2%80%91core/dp/B09JQSLL92/ref=sr_1_22_sspa?keywords=laptop&qid=1670191213&sr=8-22-spons&psc=1&spLa=ZW5jcnlwdGVkUXVhbGlmaWVyPUExTk1GTko0VU45QlhVJmVuY3J5cHRlZElkPUEwODM3ODUxMUdaOU9LWTJETFNDRCZlbmNyeXB0ZWRBZElkPUEwODM4NzU4M0ZUMENZVlZVTExXQyZ3aWRnZXROYW1lPXNwX210ZiZhY3Rpb249Y2xpY2tSZWRpcmVjdCZkb05vdExvZ0NsaWNrPXRydWU=,"2021 Apple MacBook Pro (14-inch, Apple M1 Pro chip with 8‑core CPU and 14‑core GPU, 16GB RAM, 512GB SSD) - Space Grey - English"
"Monday, December 12","$1,299.00",https://www.amazon.ca/Apple-MacBook-Chip-13-inch-256GB/dp/B08N5LNQCX/ref=sr_1_21_sspa?keywords=laptop&qid=1670191213&sr=8-21-spons&psc=1&spLa=ZW5jcnlwdGVkUXVhbGlmaWVyPUExTk1GTko0VU45QlhVJmVuY3J5cHRlZElkPUEwODM3ODUxMUdaOU9LWTJETFNDRCZlbmNyeXB0ZWRBZElkPUEwODM5MzM4Mk9QWjRKSjRER0lZRSZ3aWRnZXROYW1lPXNwX210ZiZhY3Rpb249Y2xpY2tSZWRpcmVjdCZkb05vdExvZ0NsaWNrPXRydWU=,"2020 Apple MacBook Air Laptop: Apple M1 Chip, 13""  Retina Display, 8GB RAM, 256GB SSD Storage, Backlit Keyboard, FaceTime HD Camera, Touch ID. Works with iPhone/iPad; Space Gray, English"
"Monday, December 12",$999.00,https://www.amazon.ca/IPS-Type-i5-12450H-GeForce-Thunderbolt-TUF517ZC-AS51-CA/dp/B09VCRGHL8/ref=sr_1_30?keywords=laptop&qid=1670191213&sr=8-30,"ASUS TUF Dash 15 (2022) Gaming Laptop, 15.6” 144Hz FHD IPS-Type, Intel Core i5-12450H, GeForce RTX 3050, 8GB DDR5, 512GB PCIe SSD, Thunderbolt 4, Windows 11 Home, TUF517ZC-AS51-CA"
"Monday, December 12",$699.99,https://www.amazon.ca/Acer-Nitro5-Laptop-i5-11400H-3200MHz/dp/B09SVD8KMX/ref=sr_1_18?keywords=laptop&qid=1670191222&sr=8-18,"Acer Nitro5 Laptop, 15.6"" FHD, Intel Core i5-11400H, 8GB DDR4 3200MHz, 256GB PCIe SSD - AN515-57-58HN"
"Monday, December 12",$699.99,https://www.amazon.ca/Lenovo-82H900J2CF-Intel-i3-1115G4-Laptop/dp/B0BCCND11Y/ref=sr_1_42?keywords=laptop&qid=1670191213&sr=8-42,"Lenovo 82H900J2CF 17.3"" HD+ Intel Core i3-1115G4 Laptop - Arctic Grey"
"Tuesday, December 13",$469.00,https://www.amazon.ca/Acer-i3-1005G1-Upgrade-Manufacturer-Warranty/dp/B0B7VR1W96/ref=sr_1_86?keywords=laptop&qid=1670191216&sr=8-86,"Acer Aspire 3 Laptop 17.3” Large Screen, Intel i3-1005G1 CPU | 8GB RAM, 1TB HDD (Free Upgrade to Win 11) (1 yr Manufacturer Warranty) (Renewed)"
"Monday, December 12",$829.98,https://www.amazon.ca/HP-17-cn0020ca-Generation-Graphics-Windows/dp/B097X3MPVM/ref=sr_1_85?keywords=laptop&qid=1670191216&sr=8-85,"HP 17-cn0020ca Laptop, 11th Generation Intel Core i3, Intel UHD Graphics, 8 GB RAM, 1 TB HDD, 256 GB SSD, Windows 11 Home (2021, Natural Silver)"
"Monday, December 12",$949.00,https://www.amazon.ca/VivoBook-Display-Platform-i5-12500H-K3502ZA-AS51-CA/dp/B09YMK5LPZ/ref=sr_1_19?keywords=laptop&qid=1670191222&sr=8-19,"ASUS VivoBook S 15 OLED Slim Laptop, 15.6” FHD OLED Display, Intel Evo Platform, Intel Core i5-12500H, 16GB RAM, 512GB SSD, Windows 11 Home, K3502ZA-AS51-CA"
"Wednesday, December 14",$298.25,https://www.amazon.ca/HP-Elitebook-820-Professional-Refurbished/dp/B07J5WLQ75/ref=sr_1_70_sspa?keywords=laptop&qid=1670191216&sr=8-70-spons&psc=1&smid=A9AB7FR54ENX&spLa=ZW5jcnlwdGVkUXVhbGlmaWVyPUEyWThFSkFMTDM1N0lYJmVuY3J5cHRlZElkPUEwNjkwMTgxM1c1RUI3NTU5MVImZW5jcnlwdGVkQWRJZD1BMDQ5MDQ5MjJMNFMyVDFPTVUzWUUmd2lkZ2V0TmFtZT1zcF9tdGYmYWN0aW9uPWNsaWNrUmVkaXJlY3QmZG9Ob3RMb2dDbGljaz10cnVl,"HP Elitebook 820 G3 Business Laptop, 12.5 inches HD Display, Intel Core i5-6300U 2.4Ghz, 8GB RAM, 256GB SSD, 802.11 AC, Windows 10 Professional (Renewed)"
"Monday, December 12",$479.99,https://www.amazon.ca/HP-Pentium-14-Inch-Display-14-dq3016ca/dp/B09VCLNG18/ref=sr_1_43?keywords=laptop&qid=1670191213&sr=8-43,"HP 14 Laptop, Intel Pentium Silver N6000, 4 GB RAM, 256 GB SSD, 14-Inch FHD Display, Windows 11 Home, with Amazon Alexa Voice Service Support, Silver, 14-dq3016ca, 2022 Model (2L7U4UA)"
,,https://www.amazon.ca/gp/bestsellers/electronics/24088205011/ref=sr_bs_15_24088205011_1,
"Monday, December 12",$449.00,https://www.amazon.ca/Acer-i3-1115G4-Fingerprint-Keyboard-Manufacturer/dp/B09XN9MYQH/ref=sr_1_41?keywords=laptop&qid=1670191213&sr=8-41,"Acer Aspire 15.6"" Full HD IPS Touch Display | 11th Gen Intel Core i3-1115G4 CPU | 8GB Ram | 256GB NVMe SSD WiFi 6 Fingerprint Reader, Backlit Keyboard(1 YR Manufacturer Warranty) (Renewed)"
December 7 - 9,$219.00,https://www.amazon.ca/Lenovo-IdeaPad-14-0-Laptop-82V6S00000/dp/B0BKH1LV75/ref=sr_1_17?keywords=laptop&qid=1670191222&sr=8-17,"Lenovo IdeaPad 1i 14.0"" HD Laptop - Intel Celeron N4020, 4GB RAM, 64GB eMMC, Windows 11 S Mode - Cloud Grey (82V6S00000)"
"Wednesday, December 14",$290.00,https://www.amazon.ca/Asus-ASUS-Intel-Dual-Core-Celeron/dp/B082L3VK13/ref=sr_1_84?keywords=laptop&qid=1670191216&sr=8-84,"ASUS Chromebook C403 Rugged & Spill Resistant Laptop, 14.0"" Anti-Glare HD, 180 Degree, Intel Celeron N3350, 4GB RAM, 32GB eMMC, MIL-STD 810G Durability, Chrome OS, C403NA-C1-CA"
"Monday, December 12",$323.81,https://www.amazon.ca/HP-Chromebook-Processor-Graphics-14a-nd0010ca/dp/B094S8VQBM/ref=sr_1_40?keywords=laptop&qid=1670191213&sr=8-40,"HP Chromebook, AMD 3015Ce Processor, AMD Radeon Graphics, 4 GB RAM, 64 GB eMMC Storage, Chrome, (14a-nd0010ca, 2021 Model)"
December 7 - 9,$175.00,https://www.amazon.ca/Chromebook-Anti-Glare-NanoEdge-Processor-C523NA-BCLN6/dp/B08CK4YW3H/ref=sr_1_39?keywords=laptop&qid=1670191213&sr=8-39,"ASUS Chromebook Laptop- 15.6"" HD Anti-Glare NanoEdge Display, Intel Dual Core Celeron N3350 Processor, 4GB RAM, 64GB eMMC, 180 Degree Hinge, Chrome OS- C523NA-BCLN6 Silver (Renewed)"
"Friday, December 23","$1,599.00",https://www.amazon.ca/IPS-Type-Display-i7-12650H-Thunderbolt-TUF517ZR-AS71-CA/dp/B09YZ1VNM2/ref=sr_1_83?keywords=laptop&qid=1670191216&sr=8-83,"ASUS TUF Dash 15 (2022) Gaming Laptop, 15.6” 144Hz FHD IPS-Type Display, Intel Core i7-12650H, GeForce RTX 3070, 16GB DDR5, 512GB PCIe SSD, Thunderbolt 4, Wi-Fi 6, Windows 11 Home, TUF517ZR-AS71-CA"
Out of Stock,Out of Stock,https://www.amazon.ca/Dell-i5-6300U-Windows-Certified-Refurbished/dp/B07S1BVHGC/ref=sr_1_82?keywords=laptop&qid=1670191216&sr=8-82,"Dell 7480 14 HD Laptop, Core i5-6300U 2.4GHz, 16GB RAM, 256GB Solid State Drive, Windows 10 Pro 64Bit (Renewed)"
"Monday, December 12",$479.98,https://www.amazon.ca/Vivobook-15-15-6-Laptop-i3-1005G1/dp/B09VV7V3YL/ref=sr_1_47?keywords=laptop&qid=1670191213&sr=8-47,"Vivobook 15 15.6"" HD Laptop - Intel Core i3-1005G1, 8GB RAM, 256GB SSD, Windows 11 S Mode - Slate Grey (X515JA)"
"Monday, December 12",$654.99,https://www.amazon.ca/Lenovo-Ideapad-FHD-Laptop-81WA00Q7US/dp/B09QFH8XQY/ref=sr_1_102?keywords=laptop&qid=1670191216&sr=8-102,"Lenovo Ideapad 3i 14"" FHD Laptop - Intel Core i5-10210U, 8GB RAM, 512GB SSD, Windows 11 - 81WA00Q7US"
"Tuesday, December 13",$379.99,https://www.amazon.ca/HP-15-6-HD-Laptop-15-gw0008ca/dp/B0BKH94FQ7/ref=sr_1_100?keywords=laptop&qid=1670191216&sr=8-100,"HP 15.6"" HD Laptop - AMD Athlon Silver 3050U, 4GB RAM, 500GB HDD, Windows 10 - Jet Black (15-gw0008ca)"
"Tuesday, December 13",$299.00,https://www.amazon.ca/Acer-1920x1080-Battery-Manufacturer-Warranty/dp/B08LMT32GK/ref=sr_1_34?keywords=laptop&qid=1670191222&sr=8-34,Acer Aspire Slim/Light Laptop 15.6 Full HD (1920x1080) Screen / Intel N4120 CPU/4G Memory/128G SSD/UP to 8.5 HR Battery Life/Windows 10 S Mode /1 Year Manufacturer Warranty (Renewed)
Out of Stock,Out of Stock,https://www.amazon.ca/Acer-Celeron-A115-32-C0S1-Subscription-Microsoft/dp/B0BH51437K/ref=sr_1_35?keywords=laptop&qid=1670191222&sr=8-35,"Acer 15.6"" FHD Intel Celeron N4500 Laptop A115-32-C0S1, Includes 1-Year Subscription to Microsoft 365"
"Monday, December 12","$1,399.99",https://www.amazon.ca/Acer-NVIDIA-GeForce-Laptop-AN515-45-R69K/dp/B09R95412Y/ref=sr_1_101?keywords=laptop&qid=1670191216&sr=8-101,"Acer Nitro 5, 15.6"" FHD IPS, AMD Ryzen 7 5800H, 16GB DDR4X, 512GB SSD, NVIDIA GeForce RTX 3060, Win 11, Black Laptop,,AN515-45-R69K"
"Monday, December 12",$323.81,https://www.amazon.ca/HP-Chromebook-Processor-Graphics-14a-nd0010ca/dp/B094S8VQBM/ref=sr_1_33?keywords=laptop&qid=1670191222&sr=8-33,"HP Chromebook, AMD 3015Ce Processor, AMD Radeon Graphics, 4 GB RAM, 64 GB eMMC Storage, Chrome, (14a-nd0010ca, 2021 Model)"
"Monday, December 12",$759.99,https://www.amazon.ca/Acer-Aspire-i5-1135G7-Silver-A517-52-54MZ/dp/B09R8TWQKR/ref=sr_1_56?keywords=laptop&qid=1670191213&sr=8-56,"Acer Aspire 5, 17.3"" FHD IPS, Intel Core i5-1135G7, 8GB DDR4, 512GB SSD, Intel Iris Xe, Win 11, Silver Laptop, A517-52-54MZ"
"Monday, December 12",$229.00,https://www.amazon.ca/Acer-1920x1080-Chromebook-BLUETOOTH-MANUFACTURE/dp/B08DG8LVBT/ref=sr_1_31?keywords=laptop&qid=1670191222&sr=8-31,"Acer Premium 15.6"" Full HD IPS Touch Screen Chromebook/AMD A6-9220C /4G DDR4 MEMORY/32G eMMC/Radeon R5 Video/Bluetooth/ microSD Reader/UP to 9 HR Battery Life/1 Year Manufacturer Warranty (Renewed)"
"Tuesday, December 13",$299.00,https://www.amazon.ca/Acer-1920x1080-Battery-Manufacturer-Warranty/dp/B08LMT32GK/ref=sr_1_55?keywords=laptop&qid=1670191213&sr=8-55,Acer Aspire Slim/Light Laptop 15.6 Full HD (1920x1080) Screen / Intel N4120 CPU/4G Memory/128G SSD/UP to 8.5 HR Battery Life/Windows 10 S Mode /1 Year Manufacturer Warranty (Renewed)
"Tuesday, December 13",$279.00,https://www.amazon.ca/Acer-Chromebook-Manufacturer-Warranty-Renewed/dp/B09SK3J5XY/ref=sr_1_98?keywords=laptop&qid=1670191216&sr=8-98,Acer Chromebook 17.3” Full HD IPS Screen Intel N4500 CPU | 4G RAM 64G EMMC (1 YR Manufacturer Warranty) (Renewed)
December 21 - 29,$549.99,https://www.amazon.ca/Acer-Convertible-Chromebook-Processor-CP311-3H-K4S1/dp/B088FYSDRH/ref=sr_1_32?keywords=laptop&qid=1670191222&sr=8-32,"Acer Convertible Chromebook, 11.6"" IPS Touch, Convert MTK MT8183 Processor, 4GB RAM, 32GB eMMC, Chrome OS, Silver, CP311-3H-K4S1"
Out of Stock,Out of Stock,https://www.amazon.ca/Acer-A115-31-Processor-Windows-Renewed/dp/B086JG8PRV/ref=sr_1_54?keywords=laptop&qid=1670191213&sr=8-54,Acer Aspire 1 A115-31 Slim Laptop Intel Processor N4000 4GB DDR4 64GB eMMC 15.6in HD LED Windows 10 in S Mode HDMI Webcam (Renewed)
December 8 - 13,$288.00,https://www.amazon.ca/Dell-Latitude-i5-6300U-Certified-Refurbished/dp/B07GCRHS5V/ref=sr_1_99?keywords=laptop&qid=1670191216&sr=8-99,"Dell Latitude E7470 14in Laptop, Core i5-6300U 2.4GHz, 8GB Ram, 256GB SSD, Windows 10 Pro 64bit (Renewed)"
"Tuesday, December 13","$1,972.65",https://www.amazon.ca/Apple-MacBook-Chip-13-inch-512GB/dp/B08N5M9XBS/ref=sr_1_57_sspa?keywords=laptop&qid=1670191213&sr=8-57-spons&psc=1&spLa=ZW5jcnlwdGVkUXVhbGlmaWVyPUExTk1GTko0VU45QlhVJmVuY3J5cHRlZElkPUEwODM3ODUxMUdaOU9LWTJETFNDRCZlbmNyeXB0ZWRBZElkPUEwODM5MTgyVEFUS0FDSzM1RlhSJndpZGdldE5hbWU9c3BfYnRmJmFjdGlvbj1jbGlja1JlZGlyZWN0JmRvTm90TG9nQ2xpY2s9dHJ1ZQ==,"2020 Apple MacBook Air Laptop: Apple M1 Chip, 13” Retina Display, 8GB RAM, 512GB SSD Storage, Backlit Keyboard, FaceTime HD Camera, Touch ID. Works with iPhone/iPad; Gold"
"Tuesday, December 13","$1,599.99",https://www.amazon.ca/LG-Gram-Inch-Laptop-14Z90Q-K-AA75A9/dp/B09YKL3V5P/ref=sr_1_58_sspa?keywords=laptop&qid=1670191213&sr=8-58-spons&psc=1&spLa=ZW5jcnlwdGVkUXVhbGlmaWVyPUExTk1GTko0VU45QlhVJmVuY3J5cHRlZElkPUEwODM3ODUxMUdaOU9LWTJETFNDRCZlbmNyeXB0ZWRBZElkPUEwMjkxMDU5MlkwNjVGVUNKTUFSWSZ3aWRnZXROYW1lPXNwX2J0ZiZhY3Rpb249Y2xpY2tSZWRpcmVjdCZkb05vdExvZ0NsaWNrPXRydWU=,"LG Gram 14 Inch Laptop with 16:10 WUXGA (1920 x 1200) IPS Anti-Glare Display, 999g Ultra-Light, 14Z90Q-K.AA75A9, i7-1260P | 16GB RAM | 512GB RAM, Obsidian Black"
"Wednesday, December 14",$209.99,https://www.amazon.ca/UBANT-Messenger-Briefcase-Portfolio-Crossbody/dp/B094HQNDBN/ref=sr_1_59_sspa?keywords=laptop&qid=1670191213&sr=8-59-spons&psc=1&spLa=ZW5jcnlwdGVkUXVhbGlmaWVyPUExTk1GTko0VU45QlhVJmVuY3J5cHRlZElkPUEwODM3ODUxMUdaOU9LWTJETFNDRCZlbmNyeXB0ZWRBZElkPUEwNjY2NTEzM0VUM1FZVUQyU0FSRSZ3aWRnZXROYW1lPXNwX2J0ZiZhY3Rpb249Y2xpY2tSZWRpcmVjdCZkb05vdExvZ0NsaWNrPXRydWU=,UBANT Leather Messenger Bag for Men 17.3 Inch Laptop Briefcase Full Grain Leather Business Travel Computer Office Bag
"Tuesday, December 13","$1,099.00",https://www.amazon.ca/VivoBook-Display-i7-1165G7-Processor-S533EA-AS79-CA/dp/B09QRGP3M5/ref=sr_1_44?keywords=laptop&qid=1670191222&sr=8-44,"ASUS VivoBook S15 S533 Thin and Light Laptop, 15.6” FHD Display, Intel Core i7-1165G7 Processor, 8GB DDR4 RAM, 512GB PCIe SSD, Wi-Fi 6, Windows 11 Home, Indie Black, S533EA-AS79-CA"
December 8 - 12,$339.00,https://www.amazon.ca/Dell-Latitude-7480-Laptop-i5-7300U/dp/B08FNQ3XTR/ref=sr_1_43?keywords=laptop&qid=1670191222&sr=8-43,"Dell Latitude 7480 Laptop - Intel Core i5-7300U CPU @ 2.60GHz, 16GB RAM, 256GB SSD, 14-inch HD Display, Webcam, Windows 10 Pro (Renewed)"
"Monday, December 12",$449.00,https://www.amazon.ca/Acer-i3-1115G4-Fingerprint-Keyboard-Manufacturer/dp/B09XN9MYQH/ref=sr_1_42?keywords=laptop&qid=1670191222&sr=8-42,"Acer Aspire 15.6"" Full HD IPS Touch Display | 11th Gen Intel Core i3-1115G4 CPU | 8GB Ram | 256GB NVMe SSD WiFi 6 Fingerprint Reader, Backlit Keyboard(1 YR Manufacturer Warranty) (Renewed)"
December 12 - 13,$299.00,https://www.amazon.ca/Vivobook-Processor-Microsoft-Personal-L210MA-BH09-CB/dp/B09Z756H4C/ref=sr_1_41?keywords=laptop&qid=1670191222&sr=8-41,"ASUS Vivobook Go 12 L210 11.6” Ultra Thin Laptop, Intel Celeron N4020 Processor, 4GB RAM, 64GB eMMC Storage, Windows 11 Home in S Mode with One Year of Microsoft 365 Personal, L210MA-BH09-CB"
"Tuesday, December 20",$159.00,https://www.amazon.ca/Acer-Chromebook-chromebook-Manufacture-Warranty/dp/B09P1XPX6F/ref=sr_1_48?keywords=laptop&qid=1670191222&sr=8-48,"Acer Chromebook 311 11.6"" chromebook ARM Cortex A73 CPU / 4G RAM / 32G eMMc (1 yr Manufacture Warranty) (Renewed)"
"Tuesday, December 13",$599.00,https://www.amazon.ca/VivoBook-i3-1115G4-Processor-Graphics-X415EA-TS31-CB/dp/B0B4F5MFCS/ref=sr_1_47?keywords=laptop&qid=1670191222&sr=8-47,"ASUS VivoBook 14 X415 Thin and Light Laptop, 14” FHD Display, Intel Core i3-1115G4 Processor, Intel UHD Graphics, 8GB DDR4 RAM, 256GB PCIe SSD, Windows 11 Home in S mode, X415EA-TS31-CB"
"Tuesday, December 13",$399.00,https://www.amazon.ca/Acer-Upgrade-Manufacturer-Warranty-Renewed/dp/B0B3SFR8DP/ref=sr_1_54?keywords=laptop&qid=1670191222&sr=8-54,"Acer Aspire 3 Laptop 15.6"" FHD Screen AMD Athlon Silver 3050U | 8G RAM | 256G Fast SSD | W10 S (Free Upgrade to Win 11) (1 YR Manufacturer Warranty) (Renewed)"
"Tuesday, December 13",$499.99,https://www.amazon.ca/Acer-A515-56-36UT-Display-i3-1115G4-Processor/dp/B08VKT45K4/ref=sr_1_52?keywords=laptop&qid=1670191222&sr=8-52,"Acer Aspire 5 A515-56-36UT Slim Laptop | 15.6"" Full HD Display | 11th Gen Intel Core i3-1115G4 Processor | 4GB DDR4 | 128GB NVMe SSD | WiFi 6 | Amazon Alexa | Windows 10 Home (S Mode)"
"Tuesday, December 13","$1,254.31",https://www.amazon.ca/LG-Processor-Ultra-Slim-Laptop-15Z90N-V-AR52A8/dp/B094NTMLLQ/ref=sr_1_108_sspa?keywords=laptop&qid=1670191216&sr=8-108-spons&psc=1&spLa=ZW5jcnlwdGVkUXVhbGlmaWVyPUEyWThFSkFMTDM1N0lYJmVuY3J5cHRlZElkPUEwNjkwMTgxM1c1RUI3NTU5MVImZW5jcnlwdGVkQWRJZD1BMDYwOTMxMzFSN1hON1BaOVZWTjkmd2lkZ2V0TmFtZT1zcF9idGYmYWN0aW9uPWNsaWNrUmVkaXJlY3QmZG9Ob3RMb2dDbGljaz10cnVl,"LG Gram 15.6 inch Laptop with FHD (1920 x 1080) IPS Display, Intel i5 8GB RAM 256GB SSD, Long-Lasting Battery, Windows 10 Home; 15Z90N-V.AR52A8, Dark Silver"
December 11 - 14,$445.00,https://www.amazon.ca/VivoBook-i3-1115G4-Processor-Graphics-X415EA-AS31-CA/dp/B09T86WD7T/ref=sr_1_53?keywords=laptop&qid=1670191222&sr=8-53,"ASUS VivoBook 14 X415 Thin and Light Laptop, 14” FHD Display, Intel® Core™ i3-1115G4 Processor, Intel UHD Graphics, 8GB DDR4 RAM, 128GB PCIe SSD, Windows 11 Home, X415EA-AS31-CA"
"Wednesday, December 14",$99.00,https://www.amazon.ca/HP-Chromebook-Processor-Certified-Refurbished/dp/B07KGKTV1G/ref=sr_1_51?keywords=laptop&qid=1670191222&sr=8-51,HP 1FX82UT#ABA Chromebook - 11 G5 EE 11.6 inches 1366 x 768 Intel Celeron N3060 Dual core (2 Core) 1.60 GHz 4 GB RAM 16 GB SSD 16 GB Flash Memory Chrome OS HD Graphics 400 (Renewed)
December 8 - 13,$999.99,https://www.amazon.ca/Acer-Screen-Windows-Backlit-SF314-511-744U/dp/B09GBJM1WD/ref=sr_1_50?keywords=laptop&qid=1670191222&sr=8-50,"Acer Swift 3 ”EVO” Ultra Thin and Light , 14"" FHD IPS Screen, Ci7 11th Gen, 8GB Ram, 256GB SSD, Intel Iris, Windows 11, Backlit KB, Silver, SF314-511-744U"
December 7 - 9,$329.55,https://www.amazon.ca/Lenovo-ThinkPad-T470s-i5-6300U-14-inch/dp/B083BGCC1N/ref=sr_1_49?keywords=laptop&qid=1670191222&sr=8-49,"Lenovo ThinkPad T470s Laptop Intel Core i5-6300U, 12GB RAM, 256GB SSD, 14-inch LCD HDMI Port Windows 10 (Renewed)"
"Tuesday, December 13","$1,499.99",https://www.amazon.ca/Acer-PH315-54-760S-Intel-i7-11800H-Laptop/dp/B092YHJLS6/ref=sr_1_46?keywords=laptop&qid=1670191222&sr=8-46,"Acer Predator Helios 300, 15"" FHD IPS 144Hz , Ci7-11750H, RTX3060 GPU, 16GB Ram, 512GB SSD, Windows 11, RGB Backlit KB, Black, PH315-54-760S"
December 12 - 13,$619.00,https://www.amazon.ca/Acer-Aspire-i5-1155G7-Silver-AV15-51-58SM/dp/B09MKBRW1P/ref=sr_1_45?keywords=laptop&qid=1670191222&sr=8-45,"Acer Aspire Vero, 15.6"" FHD IPS, Intel Core i5-1155G7, 12GB DDR4, 512GB SSD, Intel Iris Xe, Win 11, Silver, Laptop, AV15-51-58SM"
December 8 - 12,$245.00,https://www.amazon.ca/Lenovo-ThinkPad-i5-6300U-Windows-Renewed/dp/B07MVKHX3F/ref=sr_1_40?keywords=laptop&qid=1670191222&sr=8-40,"Lenovo ThinkPad T460 14 inches Laptop, Core i5-6300U 2.4GHz, 8GB RAM, 240GB Solid State Drive, Windows 10 Pro 64bit (Renewed)"
December 8 - 13,$288.00,https://www.amazon.ca/Dell-Latitude-i5-6300U-Certified-Refurbished/dp/B07GCRHS5V/ref=sr_1_56?keywords=laptop&qid=1670191222&sr=8-56,"Dell Latitude E7470 14in Laptop, Core i5-6300U 2.4GHz, 8GB Ram, 256GB SSD, Windows 10 Pro 64bit (Renewed)"
December 9 - 16,$379.99,https://www.amazon.ca/HP-EliteBook-Display-i5-6300U-Windows/dp/B07WJVPGYP/ref=sr_1_55?keywords=laptop&qid=1670191222&sr=8-55,"HP EliteBook 840 G3 Laptop 14in HD Display, Intel Core i5-6200U 2.4Ghz, 256GB SSD, 16GB DDR4 RAM, Webcam, WiFi, Windows 10 Pro (Renewed)"
"Tuesday, December 13",$599.00,https://www.amazon.ca/Acer-i5-1135G7-Graphics-Fingerprint-Manufacturer/dp/B0BFC2J6F1/ref=sr_1_39?keywords=laptop&qid=1670191222&sr=8-39,"Acer Aspire 5 Laptop 15.6"" Full HD Display, 11th Gen Intel i5-1135G7 CPU, Intel Iris Xe Graphics, 8GB RAM, 512GB SSD, Backlit Keyboard, Fingerprint Reader, Windows 11 Home, 1 yr Manufacturer Warranty (Renewed)"
"Tuesday, December 13","$1,599.99",https://www.amazon.ca/LG-Gram-Inch-Laptop-14Z90Q-K-AA75A9/dp/B09YKL3V5P/ref=sr_1_58_sspa?keywords=laptop&qid=1670191222&sr=8-58-spons&psc=1&spLa=ZW5jcnlwdGVkUXVhbGlmaWVyPUEzNjhJUkxRSVJNMEY5JmVuY3J5cHRlZElkPUEwMDg1NzkxM0lJQ1FHTEJBRDgzVSZlbmNyeXB0ZWRBZElkPUEwMjkxMDU5MlkwNjVGVUNKTUFSWSZ3aWRnZXROYW1lPXNwX2J0ZiZhY3Rpb249Y2xpY2tSZWRpcmVjdCZkb05vdExvZ0NsaWNrPXRydWU=,"LG Gram 14 Inch Laptop with 16:10 WUXGA (1920 x 1200) IPS Anti-Glare Display, 999g Ultra-Light, 14Z90Q-K.AA75A9, i7-1260P | 16GB RAM | 512GB RAM, Obsidian Black"
"Thursday, December 22",$47.24,https://www.amazon.ca/WHITEDUCK-Messenger-Bag-Multi-Shoulder-Crossbody/dp/B09K45LWK9/ref=sr_1_60_sspa?keywords=laptop&qid=1670191222&sr=8-60-spons&psc=1&spLa=ZW5jcnlwdGVkUXVhbGlmaWVyPUEzNjhJUkxRSVJNMEY5JmVuY3J5cHRlZElkPUEwMDg1NzkxM0lJQ1FHTEJBRDgzVSZlbmNyeXB0ZWRBZElkPUEwMjAxNzc1MUgwUExXSk1FRVRZNSZ3aWRnZXROYW1lPXNwX2J0ZiZhY3Rpb249Y2xpY2tSZWRpcmVjdCZkb05vdExvZ0NsaWNrPXRydWU=,WHITEDUCK Canvas Messenger Bag-Multi pocket Cotton Canvas Shoulder Crossbody Sling Vintage Military School Laptop Bag Satchel
"Wednesday, December 14",$209.99,https://www.amazon.ca/UBANT-Messenger-Briefcase-Portfolio-Crossbody/dp/B094HQNDBN/ref=sr_1_59_sspa?keywords=laptop&qid=1670191222&sr=8-59-spons&psc=1&spLa=ZW5jcnlwdGVkUXVhbGlmaWVyPUEzNjhJUkxRSVJNMEY5JmVuY3J5cHRlZElkPUEwMDg1NzkxM0lJQ1FHTEJBRDgzVSZlbmNyeXB0ZWRBZElkPUEwNjY2NTEzM0VUM1FZVUQyU0FSRSZ3aWRnZXROYW1lPXNwX2J0ZiZhY3Rpb249Y2xpY2tSZWRpcmVjdCZkb05vdExvZ0NsaWNrPXRydWU=,UBANT Leather Messenger Bag for Men 17.3 Inch Laptop Briefcase Full Grain Leather Business Travel Computer Office Bag
December 12 - 13,$249.00,https://www.amazon.ca/BR1100CKA-CES1-CA-Anti-Glare-Display-Processor-Durability/dp/B09HN4WKY9/ref=sr_1_38?keywords=laptop&qid=1670191222&sr=8-38,"ASUS BR1100 Laptop, BR1100CKA-CES1-CA, 11.6"" HD Anti-Glare Display, Intel Celeron N4500 Processor, 4GB RAM, 128GB Storage, MIL-STD 810H Durability, TPM 2.0, Windows 10 Pro, Star Grey"
"Tuesday, December 13","$1,972.65",https://www.amazon.ca/Apple-MacBook-Chip-13-inch-512GB/dp/B08N5M9XBS/ref=sr_1_57_sspa?keywords=laptop&qid=1670191222&sr=8-57-spons&psc=1&spLa=ZW5jcnlwdGVkUXVhbGlmaWVyPUEzNjhJUkxRSVJNMEY5JmVuY3J5cHRlZElkPUEwMDg1NzkxM0lJQ1FHTEJBRDgzVSZlbmNyeXB0ZWRBZElkPUEwODM5MTgyVEFUS0FDSzM1RlhSJndpZGdldE5hbWU9c3BfYnRmJmFjdGlvbj1jbGlja1JlZGlyZWN0JmRvTm90TG9nQ2xpY2s9dHJ1ZQ==,"2020 Apple MacBook Air Laptop: Apple M1 Chip, 13” Retina Display, 8GB RAM, 512GB SSD Storage, Backlit Keyboard, FaceTime HD Camera, Touch ID. Works with iPhone/iPad; Gold"
December 7 - 9,$175.00,https://www.amazon.ca/Chromebook-Anti-Glare-NanoEdge-Processor-C523NA-BCLN6/dp/B08CK4YW3H/ref=sr_1_37?keywords=laptop&qid=1670191222&sr=8-37,"ASUS Chromebook Laptop- 15.6"" HD Anti-Glare NanoEdge Display, Intel Dual Core Celeron N3350 Processor, 4GB RAM, 64GB eMMC, 180 Degree Hinge, Chrome OS- C523NA-BCLN6 Silver (Renewed)"
"Monday, December 12",$399.00,https://www.amazon.ca/Acer-Pentium-Windows-Manufacturer-Warranty/dp/B0BKJYPVKX/ref=sr_1_104?keywords=laptop&qid=1670191216&sr=8-104,"Acer Aspire 3 Laptop 15.6"" Full HD Screen | Intel Pentium Silver N6000/256GB SSD/8GB RAM/Windows 11 Home(1 yr Manufacturer Warranty) (Renewed)"
"Tuesday, December 13","$1,972.65",https://www.amazon.ca/Apple-MacBook-Chip-13-inch-512GB/dp/B08N5M9XBS/ref=sr_1_106_sspa?keywords=laptop&qid=1670191216&sr=8-106-spons&psc=1&spLa=ZW5jcnlwdGVkUXVhbGlmaWVyPUEyWThFSkFMTDM1N0lYJmVuY3J5cHRlZElkPUEwNjkwMTgxM1c1RUI3NTU5MVImZW5jcnlwdGVkQWRJZD1BMDgzOTE4MlRBVEtBQ0szNUZYUiZ3aWRnZXROYW1lPXNwX2J0ZiZhY3Rpb249Y2xpY2tSZWRpcmVjdCZkb05vdExvZ0NsaWNrPXRydWU=,"2020 Apple MacBook Air Laptop: Apple M1 Chip, 13” Retina Display, 8GB RAM, 512GB SSD Storage, Backlit Keyboard, FaceTime HD Camera, Touch ID. Works with iPhone/iPad; Gold"
"Tuesday, December 13","$1,699.99",https://www.amazon.ca/Apple-MacBook-Chip-13-inch-256GB/dp/B08N5N6RSS/ref=sr_1_107_sspa?keywords=laptop&qid=1670191216&sr=8-107-spons&psc=1&spLa=ZW5jcnlwdGVkUXVhbGlmaWVyPUEyWThFSkFMTDM1N0lYJmVuY3J5cHRlZElkPUEwNjkwMTgxM1c1RUI3NTU5MVImZW5jcnlwdGVkQWRJZD1BMDgzNzU4NjNWUTFDRVMwN0g2Q0Mmd2lkZ2V0TmFtZT1zcF9idGYmYWN0aW9uPWNsaWNrUmVkaXJlY3QmZG9Ob3RMb2dDbGljaz10cnVl,"2020 Apple MacBook Pro with Apple M1 Chip (13-inch, 8GB RAM, 256GB SSD Storage) - Space Gray"
Out of Stock,Out of Stock,https://www.amazon.ca/Acer-A115-31-Processor-Windows-Renewed/dp/B086JG8PRV/ref=sr_1_36?keywords=laptop&qid=1670191222&sr=8-36,Acer Aspire 1 A115-31 Slim Laptop Intel Processor N4000 4GB DDR4 64GB eMMC 15.6in HD LED Windows 10 in S Mode HDMI Webcam (Renewed)
"Tuesday, December 13","$1,599.99",https://www.amazon.ca/LG-Gram-Inch-Laptop-14Z90Q-K-AA75A9/dp/B09YKL3V5P/ref=sr_1_105_sspa?keywords=laptop&qid=1670191216&sr=8-105-spons&psc=1&spLa=ZW5jcnlwdGVkUXVhbGlmaWVyPUEyWThFSkFMTDM1N0lYJmVuY3J5cHRlZElkPUEwNjkwMTgxM1c1RUI3NTU5MVImZW5jcnlwdGVkQWRJZD1BMDI5MTA1OTJZMDY1RlVDSk1BUlkmd2lkZ2V0TmFtZT1zcF9idGYmYWN0aW9uPWNsaWNrUmVkaXJlY3QmZG9Ob3RMb2dDbGljaz10cnVl,"LG Gram 14 Inch Laptop with 16:10 WUXGA (1920 x 1200) IPS Anti-Glare Display, 999g Ultra-Light, 14Z90Q-K.AA75A9, i7-1260P | 16GB RAM | 512GB RAM, Obsidian Black"
"Tuesday, December 13",$210.00,https://www.amazon.ca/Acer-Chromebook-Sliver-Slim-Light-ComfyView-Manufacturer/dp/B096YGRZX1/ref=sr_1_103?keywords=laptop&qid=1670191216&sr=8-103,"Acer Chromebook/Sliver-Slim-Light/15.6"" HD ComfyView Screen/Intel Dual Core N4020 Processor /4G DDR4 RAM/64G eMMC/ Numeric Keypad /USB 3.1/USB-C/INTEL UHD 600 GRAPHIC/WIFI AC/Bluetooth 5.0/Wide View HD CAM Long Battery Life! One Year Manufacturer Warranty (Renewed)"
"Tuesday, December 20",$159.00,https://www.amazon.ca/Acer-Chromebook-chromebook-Manufacture-Warranty/dp/B09P1XPX6F/ref=sr_1_97?keywords=laptop&qid=1670191216&sr=8-97,"Acer Chromebook 311 11.6"" chromebook ARM Cortex A73 CPU / 4G RAM / 32G eMMc (1 yr Manufacture Warranty) (Renewed)"
"Wednesday, December 14",$548.00,https://www.amazon.ca/Microsoft-Surface-Laptop-Touch-Screen-Platinum/dp/B081ZJ87H9/ref=sr_1_96?keywords=laptop&qid=1670191216&sr=8-96,Microsoft Surface Laptop 3 15-inch Touch AMD Ryzen 5 8GB 256GB (Renewed)
"Tuesday, December 13",$109.00,https://www.amazon.ca/Acer-NX-G14AA-001-C810-T7ZT-13-3-Inch-Renewed/dp/B07WWTXDSF/ref=sr_1_29?keywords=laptop&qid=1670191222&sr=8-29,Acer C810 NX.G14AA.001; C810-T7ZT 13.3-Inch Laptop (Renewed)
December 8 - 12,$245.00,https://www.amazon.ca/Lenovo-ThinkPad-i5-6300U-Windows-Renewed/dp/B07MVKHX3F/ref=sr_1_53?keywords=laptop&qid=1670191213&sr=8-53,"Lenovo ThinkPad T460 14 inches Laptop, Core i5-6300U 2.4GHz, 8GB RAM, 240GB Solid State Drive, Windows 10 Pro 64bit (Renewed)"
"Tuesday, December 13",$189.99,https://www.amazon.ca/Lenovo-100e-2nd-11-6-Laptop/dp/B0BDPPMJ8D/ref=sr_1_30?keywords=laptop&qid=1670191222&sr=8-30,"Lenovo 100e 2nd Gen 11.6"" HD Laptop - Intel Celeron N4020, 4GB RAM, 64GB eMMC, Windows 10 Pro N- Black (81M80035US)"
"Tuesday, December 13",$887.89,https://www.amazon.ca/Acer-AN515-55-53E5-Intel-i5-10300H-Laptop/dp/B092YHJGMN/ref=sr_1_52?keywords=laptop&qid=1670191213&sr=8-52,Acer Nitro 5 AN515-55-53E5 Gaming Laptop | Intel Core i5-10300H | NVIDIA GeForce RTX 3050 Laptop GPU | 15.6 inch FHD 144Hz IPS Display | 8GB DDR4 | 256GB NVMe SSD | Intel Wi-Fi 6 | Backlit Keyboard
"Thursday, December 22",$47.24,https://www.amazon.ca/WHITEDUCK-Messenger-Bag-Multi-Shoulder-Crossbody/dp/B09K45LWK9/ref=sr_1_60_sspa?keywords=laptop&qid=1670191213&sr=8-60-spons&psc=1&spLa=ZW5jcnlwdGVkUXVhbGlmaWVyPUExTk1GTko0VU45QlhVJmVuY3J5cHRlZElkPUEwODM3ODUxMUdaOU9LWTJETFNDRCZlbmNyeXB0ZWRBZElkPUEwMjAxNzc1MUgwUExXSk1FRVRZNSZ3aWRnZXROYW1lPXNwX2J0ZiZhY3Rpb249Y2xpY2tSZWRpcmVjdCZkb05vdExvZ0NsaWNrPXRydWU=,WHITEDUCK Canvas Messenger Bag-Multi pocket Cotton Canvas Shoulder Crossbody Sling Vintage Military School Laptop Bag Satchel
"Monday, December 12",$649.98,https://www.amazon.ca/Dell-Inspiron-15-3511-Laptop/dp/B09S4PMDKT/ref=sr_1_95?keywords=laptop&qid=1670191216&sr=8-95,"Dell Inspiron 15 3511 15.6"" FHD Laptop - Intel Core i5-1035G1, 8GB RAM, 256GB SSD, Windows 11 Home - Carbon Black"
"Tuesday, December 13",$369.99,https://www.amazon.ca/Acer-Celeron-A115-32-C8YB-Subscription-Microsoft/dp/B0BH4ZLJCF/ref=sr_1_28?keywords=laptop&qid=1670191222&sr=8-28,"Acer 15.6"" FHD Intel Celeron N4500 Laptop A115-32-C8YB, Includes 1-Year Subscription to Microsoft 365"
"Wednesday, December 14",$439.99,https://www.amazon.ca/ALLDOCUBE-Quad-core-1920x1080-Microphone-10000mAh/dp/B0BLVDYNGJ/ref=sr_1_51?keywords=laptop&qid=1670191213&sr=8-51,"ALLDOCUBE GT Book 15 Laptop 15.6 Inch, Windows 11 System Intel Celeron N5100 Quad-core Chip, 12GB RAM+256GB SSD, FHD IPS 1920x1080 Display, Dual Microphone & Speaker, 2.4G+5G WiFi, 10000mAh Battery"
"Tuesday, December 13",$599.00,https://www.amazon.ca/Acer-i5-1135G7-Graphics-Fingerprint-Manufacturer/dp/B0BFC2J6F1/ref=sr_1_50?keywords=laptop&qid=1670191213&sr=8-50,"Acer Aspire 5 Laptop 15.6"" Full HD Display, 11th Gen Intel i5-1135G7 CPU, Intel Iris Xe Graphics, 8GB RAM, 512GB SSD, Backlit Keyboard, Fingerprint Reader, Windows 11 Home, 1 yr Manufacturer Warranty (Renewed)"
December 12 - 20,$225.00,https://www.amazon.ca/Dell-Latitude-3340-Red-Laptop/dp/B09NF578XS/ref=sr_1_94?keywords=laptop&qid=1670191216&sr=8-94,"Dell Latitude 3340 Red 13.3"" LED Laptop - Intel Core i5-4th gen, 8GB DDR3, 128GB SSD, Webcam, WiFi, HDMI Output, Windows 10 Pro 64Bit - Renewed…"
"Monday, December 12",$413.80,https://www.amazon.ca/Lenovo-IdeaPad-Touchscreen-Microsoft-Personal/dp/B0BG8WB426/ref=sr_1_27?keywords=laptop&qid=1670191222&sr=8-27,"Lenovo IdeaPad Duet 3i 10.3"" Touchscreen Intel Celeron N4020, 2-in-1 Laptop, Windows 11 Home S Mode + Includes 1-Year Microsoft 365 Personal - 82AT00KJCC"
"Tuesday, December 13",$699.99,https://www.amazon.ca/Lenovo-ThinkBook-FHD-Laptop-21DK000UUS/dp/B0BL89RS4M/ref=sr_1_49?keywords=laptop&qid=1670191213&sr=8-49,"Lenovo ThinkBook 14 G4 14"" FHD Laptop - AMD Ryzen 5 5625U, 8GB RAM, 256GB SSD, Windows 11 Pro - Mineral Gray (21DK000UUS)"
"Monday, December 12",$335.00,https://www.amazon.ca/Acer-Light-Weight-Pentium-Manufacturer-Warranty/dp/B0BC2CLFWH/ref=sr_1_93?keywords=laptop&qid=1670191216&sr=8-93,"Acer Aspire 3 Light-Weight 14"" Laptop (Intel Pentium N6000/128GB SSD/8GB RAM/Windows 11 S)(1 yr Manufacturer Warranty) (Renewed)"
"Monday, December 12",$489.00,https://www.amazon.ca/Acer-i5-1135G7-Graphics-Fingerprint-Manufacture/dp/B09LRDVYWC/ref=sr_1_26?keywords=laptop&qid=1670191222&sr=8-26,"ACER Aspire 5 A515-56, 15.6'' Full HD Display, 11th Gen Intel Core i5-1135G7, Intel Iris Xe Graphics, 8GB DDR4, 512GB NVMe SSD, WiFi 6, Fingerprint Reader, 1 yr Manufacture (Renewed)"
"Tuesday, December 13","$2,199.00",https://www.amazon.ca/MSI-12UGK-470CA-Gaming-i9-12900H-RTX3070/dp/B09WCSP4X2/ref=sr_1_92?keywords=laptop&qid=1670191216&sr=8-92,"MSI Pulse GL66 12UGK-470CA 15.6"" 240Hz FHD Gaming Laptop Intel Core i9-12900H RTX3070 16GB 512GB NVMe SSD Win11"
December 9 - 16,$479.00,https://www.amazon.ca/Lenovo-ThinkPad-Quad-Core-Fingerprint-Thunderbolt/dp/B0832JFM9G/ref=sr_1_25?keywords=laptop&qid=1670191222&sr=8-25,"Lenovo ThinkPad T480 14-inch HD Business Laptop (Intel 8th Gen Quad-Core i5-8250U, 16GB DDR4 RAM, Toshiba 256GB PCIe NVMe 2242 M.2 SSD) Fingerprint, Thunderbolt 3 Type-C, WiFi, Windows 10 Pro (Renewed)"
Out of Stock,Out of Stock,https://www.amazon.ca/HP-Chromebook-x360-14-Touch-N4000-4GB/dp/B0812267LL/ref=sr_1_90?keywords=laptop&qid=1670191216&sr=8-90,"HP Chromebook x360-14"" HD Touch - Celeron N4000-4GB - 32GB eMMC - Silver White"
"Tuesday, December 13",$499.99,https://www.amazon.ca/Acer-A515-56-36UT-Display-i3-1115G4-Processor/dp/B08VKT45K4/ref=sr_1_48?keywords=laptop&qid=1670191213&sr=8-48,"Acer Aspire 5 A515-56-36UT Slim Laptop | 15.6"" Full HD Display | 11th Gen Intel Core i3-1115G4 Processor | 4GB DDR4 | 128GB NVMe SSD | WiFi 6 | Amazon Alexa | Windows 10 Home (S Mode)"
"Tuesday, December 13","$1,499.00",https://www.amazon.ca/2022-Apple-MacBook-Laptop-chip/dp/B0B3C57XLR/ref=sr_1_89?keywords=laptop&qid=1670191216&sr=8-89,"2022 Apple MacBook Pro Laptop with M2 chip: 13-inch Retina Display, 8GB RAM, 256GB ​​​​​​​SSD ​​​​​​​Storage, Backlit Keyboard, FaceTime HD Camera. Works with iPhone and iPad; Space Grey; English"
"Tuesday, December 13","$1,129.99",https://www.amazon.ca/Samsung-Galaxy-AMOLED-Touchscreen-Convertible/dp/B09FYQ8JWQ/ref=sr_1_91?keywords=laptop&qid=1670191216&sr=8-91,"Samsung Galaxy Book Pro 360 15.6"" AMOLED Touchscreen Convertible Laptop with S-Pen - Intel i5, 8GB DDR4, 512GB SSD, Windows 11 Home"
"Monday, December 12",$808.98,https://www.amazon.ca/HP-15-ef2020ca-Processor-Graphics-Windows/dp/B0983Q7VN5/ref=sr_1_46?keywords=laptop&qid=1670191213&sr=8-46,"HP Laptop 15-ef2020ca, AMD Ryzen 5 5500U Processor, AMD Radeon Graphics, 8GB RAM, 512 GB SSD, Windows 10 Home (2021, Natural Silver)"
"Wednesday, December 14",$439.00,https://www.amazon.ca/Microsoft-Surface-Laptop-Touchscreen-Renewed/dp/B08SJ5WMTK/ref=sr_1_45?keywords=laptop&qid=1670191213&sr=8-45,Microsoft Surface Laptop Go 12.4in Touchscreen Intel i5 (Renewed)
"Wednesday, December 14",$807.99,https://www.amazon.ca/Ultra-Slim-i5-1135G7-NumberPad-Thunderbolt-UX325EA-DS59-CA/dp/B09S3WNYWR/ref=sr_1_88?keywords=laptop&qid=1670191216&sr=8-88,"ASUS ZenBook 13 Ultra-Slim Laptop, 13.3” OLED FHD NanoEdge, Intel Core i5-1135G7, 8GB RAM, 256GB SSD, NumberPad, Thunderbolt 4, Wi-Fi 6, Windows 11 Home, UX325EA-DS59-CA"
"Tuesday, December 13","$1,449.99",https://www.amazon.ca/2022-Apple-MacBook-Laptop-chip/dp/B0B3C2R8MP/ref=sr_1_24_sspa?keywords=laptop&qid=1670191222&sr=8-24-spons&psc=1&spLa=ZW5jcnlwdGVkUXVhbGlmaWVyPUEzNjhJUkxRSVJNMEY5JmVuY3J5cHRlZElkPUEwMDg1NzkxM0lJQ1FHTEJBRDgzVSZlbmNyeXB0ZWRBZElkPUEwMzg2NjAxMjNCODlWUjlaNUYxUCZ3aWRnZXROYW1lPXNwX210ZiZhY3Rpb249Y2xpY2tSZWRpcmVjdCZkb05vdExvZ0NsaWNrPXRydWU=,"2022 Apple MacBook Air Laptop with M2 chip: 13.6-inch Liquid Retina Display, 8GB RAM, 256GB SSD Storage, Backlit Keyboard, 1080p FaceTime HD Camera. Works with iPhone and iPad; Space Grey; English"
"Tuesday, December 13","$1,899.00",https://www.amazon.ca/Display-GeForce-Keyboard-Windows-G513RM-AS71-CA/dp/B09V6VTGYG/ref=sr_1_44?keywords=laptop&qid=1670191213&sr=8-44,"ASUS ROG Strix G15 (2022) Gaming Laptop, 15.6” 165Hz IPS Type WQHD Display, NVIDIA GeForce RTX 3060, AMD Ryzen 7 6800H, 16GB DDR5, 1TB PCIe SSD, RGB Keyboard, Windows 11 Home, G513RM-AS71-CA"
December 9 - 16,$379.99,https://www.amazon.ca/HP-EliteBook-Display-i5-6300U-Windows/dp/B07WJVPGYP/ref=sr_1_87?keywords=laptop&qid=1670191216&sr=8-87,"HP EliteBook 840 G3 Laptop 14in HD Display, Intel Core i5-6200U 2.4Ghz, 256GB SSD, 16GB DDR4 RAM, Webcam, WiFi, Windows 10 Pro (Renewed)"
"Tuesday, December 13","$2,499.00",https://www.amazon.ca/Apple-MacBook-14-inch-8%E2%80%91core-14%E2%80%91core/dp/B09JQSLL92/ref=sr_1_22_sspa?keywords=laptop&qid=1670191222&sr=8-22-spons&psc=1&spLa=ZW5jcnlwdGVkUXVhbGlmaWVyPUEzNjhJUkxRSVJNMEY5JmVuY3J5cHRlZElkPUEwMDg1NzkxM0lJQ1FHTEJBRDgzVSZlbmNyeXB0ZWRBZElkPUEwODM4NzU4M0ZUMENZVlZVTExXQyZ3aWRnZXROYW1lPXNwX210ZiZhY3Rpb249Y2xpY2tSZWRpcmVjdCZkb05vdExvZ0NsaWNrPXRydWU=,"2021 Apple MacBook Pro (14-inch, Apple M1 Pro chip with 8‑core CPU and 14‑core GPU, 16GB RAM, 512GB SSD) - Space Grey - English"
December 7 - 8,$207.67,https://www.amazon.ca/Chromebook-Celeron-N4020-Emmc32gb-Intel/dp/B08766YRQP/ref=sr_1_20?keywords=laptop&qid=1670191222&sr=8-20,"Acer Chromebook 311 11.6"" HD Intel Celeron N4020 - C733-C5AS"
"Tuesday, December 13","$1,449.99",https://www.amazon.ca/LG-gram-Inch-Laptop-17Z90Q-K-AR55A9/dp/B09YKH2MZR/ref=sr_1_23_sspa?keywords=laptop&qid=1670191222&sr=8-23-spons&psc=1&spLa=ZW5jcnlwdGVkUXVhbGlmaWVyPUEzNjhJUkxRSVJNMEY5JmVuY3J5cHRlZElkPUEwMDg1NzkxM0lJQ1FHTEJBRDgzVSZlbmNyeXB0ZWRBZElkPUEwMjkxMDgzM1ZUWTNNSlJTREZQMCZ3aWRnZXROYW1lPXNwX210ZiZhY3Rpb249Y2xpY2tSZWRpcmVjdCZkb05vdExvZ0NsaWNrPXRydWU=,"LG gram 17 Inch Laptop with 16:10 WQXGA (2560 x 1600) IPS Anti-Glare Display, 17Z90Q-K.AR55A9, i5-1240P | 8GB RAM | 512GB SSD, Obsidian Black"
